temperature,ph,turbidity,tds,result
27.483570765056164,7.378494308322676,5.250449005295814,490.11906857530073,poor
24.308678494144075,6.538917337911188,4.141188917749494,293.9339186185379,acceptable
28.23844269050346,7.4348029600528305,5.244595006064568,229.15932330895373,poor
32.61514928204013,7.677818929402475,6.086596058072776,148.62856073871728,poor
23.829233126383322,7.20671745161185,5.0977201406514085,119.6860323744055,poor
23.8293152152541,7.938397906279033,5.081183382407764,141.58640569945103,poor
32.896064077536955,6.613105400448213,3.5960166243864893,326.71266510114833,acceptable
28.837173645764544,6.377672648344292,3.6741981648981037,350.8725023229934,poor
22.65262807032524,6.110639875547861,2.194789456400613,141.88092979678666,poor
27.712800217929825,7.748022155744591,8.499153486373878,389.50383140761153,poor
22.682911535937688,7.327182828177029,2.51227352921743,251.69389483165605,acceptable
22.671351232148716,6.972207664544772,3.6141896044081854,314.6793011985549,acceptable
26.20981135783017,7.139984313159911,3.5631854688616054,461.2220628255424,acceptable
15.43359877671101,6.437255476350812,6.789848753888883,389.6839315865532,poor
16.375410837434835,8.222875989808413,4.410100643415944,273.14693520941677,acceptable
22.188562353795135,7.064610590987614,7.495484145347468,210.88077745847124,poor
19.93584439832788,7.054697397302446,3.653018751512263,84.81845986706952,acceptable
26.571236662976368,7.362883311949346,5.557988324447604,228.08466807575797,poor
20.459879622393945,7.240504615868357,3.3293058934804853,278.8869761172306,acceptable
17.938481493323543,7.111942012139566,9.290298255546777,201.2820472848816,poor
32.32824384460777,6.604762772277344,2.6248031619409744,286.87430329076955,acceptable
23.871118497567323,7.235734178567998,5.619641420454055,307.6851882958768,poor
25.33764102343962,7.9410122482375165,6.267553761864197,277.51440181919213,poor
17.87625906893272,7.672710023077489,5.827598194902997,234.99974191765403,poor
22.278086377374088,7.796593313319699,4.629424682244584,316.86546719667274,acceptable
25.55461294854933,6.744392161784408,4.740358600533147,344.1940649569409,acceptable
19.245032112888488,6.5051975898707095,5.087622943958219,190.96009225571538,poor
26.87849009172836,6.937106539950176,4.705995996743023,441.093237974627,acceptable
21.996806550405974,7.027862456144347,6.927758233589819,290.1411867715738,poor
23.541531251033618,7.547095759235474,9.421046003182703,301.88496229448475,poor
21.991466938853016,6.15376768514259,3.885016429984333,370.8214423256557,poor
34.26139092254469,7.7647751597303065,2.2603940408418444,323.32161312635014,acceptable
24.93251387631033,6.920996050710506,4.82343590329749,395.3136633913245,acceptable
19.711445355220498,6.78655946502629,10.159418675308636,328.71241652018244,poor
29.112724560515943,6.493947812369917,3.3926508640605384,238.7562625359562,poor
18.895781750144888,6.1725716640671155,8.278233610888135,336.15035252061017,poor
26.044317975023777,7.411585291980957,8.355401628152881,185.6273792679338,poor
15.201649380601122,7.036658983594202,3.892823516584011,310.85597057765233,acceptable
18.359069755507846,6.355019550129473,6.137966158370551,296.6770009355539,poor
25.984306179345616,6.352460613968192,8.256793246257075,279.188314272746,poor
28.692332899977053,6.832107650354936,4.241744518025026,287.1462488561069,acceptable
25.85684140594985,7.834510762644697,4.592839279795276,111.8150954502361,acceptable
24.421758588058797,6.870204324318197,3.8366381721027123,245.12750922590385,acceptable
23.494481522053555,6.248428523440947,2.9704865386142663,309.28449011411146,poor
17.607390048162863,6.877128467957028,3.701444909867986,315.98563919974004,acceptable
21.400778958026457,6.863638215126165,2.552119466475487,197.23248590740417,acceptable
22.696806145201062,5.651556678529214,5.068166936518452,426.5707840864701,poor
30.285611131094576,6.972852566741094,3.4600535378827164,213.3825151785499,acceptable
26.71809144784231,6.884532734895661,5.467571823581496,396.94572005267366,poor
16.18479922318633,7.348103182406709,1.8882087075927454,342.71943618716847,acceptable
26.620419846973974,7.924478047472673,5.661760464428914,235.37726901561967,poor
23.074588597918417,7.563282514773879,6.6670579232178495,477.5310892609512,poor
21.615389998470206,6.865555654722585,1.0125287148570892,180.63631682435198,acceptable
28.05838144420434,6.446737045629165,5.748113139695144,391.91541736100015,poor
30.154997612479754,8.28667990162493,7.455337984946585,400.05823180429786,poor
29.656400595580994,7.029609217007244,2.580717962617589,232.93797909233552,acceptable
20.803912383886807,7.006964645956473,8.345144773675408,439.24653000643286,poor
23.453938120743928,6.987937456444999,5.838038018732091,274.9953485401047,poor
26.65631715701782,7.099042380383928,3.5899762884831823,328.8693629279857,acceptable
29.877725635611796,6.927819794038029,4.8884618446845876,326.03218387712207,acceptable
22.60412881077355,6.713168996559882,6.116653825043445,286.5691258529452,poor
24.071705116680914,6.726570529379804,5.152010782824823,381.08082731597824,poor
19.46832512996986,6.983623364892001,6.077511984892738,379.3488720552213,poor
19.018966879596647,6.728287614433118,3.1586528138412673,125.14680267618192,acceptable
29.062629111970992,6.643577108661418,5.3387216480721555,430.43402428781525,poor
31.781200142854114,7.0532151138459485,2.1725710061900396,133.75080119643258,acceptable
24.63994939209833,6.872511391289573,4.7775478773026,403.25462043416576,acceptable
30.01766448946012,7.751996494291344,3.1921847170704205,412.6705136827583,acceptable
26.80818012523817,5.6745150958034944,3.528940114820467,190.9033569784802,poor
21.77440122697438,7.545753425961231,7.472186350420875,258.91857120454154,poor
26.80697802754207,7.623042596248815,7.182620241188538,189.42953315140642,poor
32.690182832329846,5.963304883795925,6.218276241814354,278.50789697112646,poor
24.820869804450243,6.8286562029598254,2.815374470654842,269.19657158142587,acceptable
32.82321827907003,6.814279567002104,4.367183100610396,377.966053226934,acceptable
11.901274479551278,6.29624415264109,7.426195399958367,431.0308746119608,poor
29.10951252187612,6.611091656204563,5.28343382727981,439.56838107899557,poor
25.435235341190857,6.444712077267086,9.63865907996339,243.78319734216979,poor
23.504963247670663,7.876135221711811,5.786635678788744,279.0778126255472,poor
25.45880388267751,7.46783919657373,5.3840982329800635,131.65618077790498,poor
15.062155426995536,7.63577754749708,4.3817670715949975,219.41299335038113,acceptable
23.90164056081244,7.360836032021617,5.267081809564565,396.48516330974576,poor
26.78556285755873,6.435474114391385,4.695060327238912,461.5582823548232,poor
32.38947022370758,6.737739866860113,6.416217353377181,176.56511281200778,poor
22.40864890863176,7.244687280613959,6.913404633589169,240.75357408471058,poor
20.95753198553406,6.388936095554027,3.4280210789841012,297.3594243041073,poor
22.491214782077318,7.356499215086194,2.337534092884444,328.0161158819607,acceptable
29.57701058851037,6.879837300920933,1.3275892537934069,219.03964800783538,acceptable
26.643755548298422,6.812589596225202,6.015982653825088,342.40610444640896,poor
22.351198981164806,7.355479984101746,2.793266787652253,252.6160652929084,acceptable
27.56633716556678,7.22213165574302,0.6942188140950343,298.5547729121721,acceptable
25.4853877467402,6.81951691709046,5.7771572090619285,354.62842480036994,poor
29.843224952664446,7.579664901682124,9.985999034865582,300.64222698109376,poor
21.489734530613237,6.459468336200051,4.987858176920214,256.36141094734313,poor
23.361689267011158,7.307967803472132,6.676981548903283,289.0390196074169,poor
23.039459234339212,7.296550628984192,5.16365871709513,291.16370407946647,poor
17.682425259339407,6.845226780343005,4.8022206936177145,262.9988970117872,acceptable
26.48060138532288,7.163066511121059,6.838152965975537,274.12039373328975,poor
26.305276360899448,6.374443211807349,4.419450911622698,459.86471705047165,poor
25.025567283212304,7.462013509603451,5.534784628143806,356.0919447941239,poor
23.827064333124266,6.907548931778505,5.643395612392027,270.45196819708394,poor
17.92314628974793,6.73863848974048,3.6638190927139025,369.6954404510736,acceptable
22.896773386173205,7.524504612918444,6.984084699073046,266.618051024399,poor
23.286427417366152,6.647828154728621,4.650080486609182,417.31246375866414,acceptable
20.988613653891903,6.29576935181822,3.4885096810143104,336.96421921980937,poor
24.193571441669953,6.221685413238048,6.073019687140807,289.2697855995771,poor
27.020254284072692,7.3030049756728195,3.2030640364179255,344.77169258102776,acceptable
34.43092950605265,6.359785323751859,5.056362314738257,142.91238479315007,poor
25.872889064159196,7.877397090992182,4.981762006711593,187.32325310901948,acceptable
26.28775195361382,5.959035296058139,7.171791131663156,180.60749936009447,poor
24.627770421169163,7.848228184145019,5.949396465759905,314.2943094763707,poor
15.406143923504793,7.105508733601309,4.949946082509713,473.25149994850915,acceptable
24.867430622753915,6.951643444064803,6.635532598400574,523.1300146192632,poor
25.301151049705133,6.727540456595525,7.780415098034627,363.80511014407574,poor
37.316210562426434,7.199568057176036,6.115620612703724,350.0844474944457,poor
24.038195176094387,6.981182648787576,5.0207052396867615,119.89422658472611,poor
26.507736711668063,7.551650941008261,2.376327535299681,245.73262002659783,acceptable
24.826441151473784,7.05711382433102,2.869772673849255,221.2216248091761,acceptable
19.15660981190234,7.075150880730939,4.389550591290664,237.9152401748884,acceptable
30.714114072575104,6.818193893893072,3.7809755956814337,283.18561814152105,acceptable
28.759665163433873,6.971527188139467,4.626057394029108,252.79094223028727,acceptable
28.955159735215233,7.1539008844460295,5.113299849794214,102.07001896242122,poor
20.453062726026303,6.1449158036716875,6.059385508713461,374.7910256117534,poor
32.013971554680495,6.3259072889471435,4.859002443881818,192.72569742601934,poor
17.990744686038596,7.371632047011357,5.9730032876524035,323.924686411115,poor
27.934285469001352,7.085432719063971,5.12894882962024,507.40826697499733,poor
35.952278129049894,6.908008331823661,1.0490668672922574,208.06154084135767,poor
20.04731837434656,7.009216966532697,3.1213292123624914,46.97124772536702,acceptable
22.16851135198614,7.173790852680836,4.7118248885567695,271.39957781198893,acceptable
25.498256825438204,6.7301201598453195,2.580610514317785,410.09596349985713,acceptable
22.482621729419005,6.610847637298844,6.199857459992409,495.8347454220594,poor
17.246682844669337,7.097922627548841,8.061501664687395,177.04504055475832,poor
25.342814874030136,6.510813611192484,7.437523703394634,349.66992232365214,poor
19.688481431369475,7.204126377857236,4.573114258139584,253.46895432199466,acceptable
27.36796215317591,6.14870819788108,7.9814522736999045,289.4051645695864,poor
20.402878828830985,7.514577818662822,5.297334914404223,564.4343347017035,poor
32.7496720250877,7.236298741206522,4.325828057763921,149.7029671604847,acceptable
21.083733538318814,7.128014867156938,3.7731946729181205,325.3739661494574,acceptable
23.38969241897162,7.491345491972757,4.395060627023743,346.7693171765433,acceptable
29.067586086848348,7.832737222231288,4.223646362917543,408.5786324939347,acceptable
18.845678417830225,7.507185032509065,5.340832444750975,309.79831534708956,poor
26.137299673020646,6.079562884334178,5.3211479620997295,330.80505395041024,poor
31.53571377141214,6.360211516632149,5.006092040306829,260.8351432578209,poor
16.96258382719386,6.68759071115216,5.8738763394927,326.9126941245107,poor
25.92316929266152,7.013045525105417,7.381292549572683,265.6807724502589,poor
26.299413971242117,7.258829510234562,6.899108270882648,362.1571889856051,poor
28.90911435888655,6.637128093423267,2.030204063100193,263.03896639563663,acceptable
18.81524644560959,7.093383382238539,-0.10784226980390965,337.71003939021864,acceptable
18.397716934578618,6.622308533823339,6.868639822478547,297.0737186315022,poor
27.60970782808449,6.694241098504026,2.266242603169158,412.6050250772168,acceptable
26.48492336616593,6.296669451575889,4.550469196214633,294.8606276411514,poor
26.252464251729382,6.538383376944548,2.659773947881281,122.69675317931186,acceptable
26.732241047484877,6.324157697191833,1.3960391248399606,426.19215007139917,poor
21.599876392107547,6.512063373511333,6.082925456409576,209.4267699137381,poor
26.161268485805017,7.52682089830392,6.518310320605294,234.62336613511803,poor
26.465362366493405,6.525300555584028,3.846979198546561,240.43387059565077,acceptable
21.42824290986816,8.316191032418695,-0.18208458428981977,437.44380931708173,acceptable
34.328872555723784,7.246658950440445,3.9075111034950343,86.43257860213046,acceptable
27.36916460455894,7.092418061847437,5.783608010805093,613.7748533659994,poor
19.043482513986756,6.570821109909393,2.0421768624517425,405.6056809066052,acceptable
28.28276804316915,7.350154939704495,5.3667198395583116,322.32389141291594,poor
20.126591648863393,6.712181086881113,4.969380301654009,294.51059993837134,acceptable
28.93542301871226,7.061004907322681,6.158582999202177,328.55540748576567,poor
30.79297789503702,8.280042269134398,5.239160736828307,352.1122428379338,poor
20.89658840824145,6.951970050137675,3.0538621182368892,364.5215585950057,acceptable
29.81688064622161,7.574636663142838,7.393143003328983,355.56044660034485,poor
27.06390463468249,6.648411787437056,4.68294085394606,308.9580681255249,acceptable
29.11030079997245,6.982505754751519,4.945390920980136,280.2661579692674,acceptable
34.48396491326974,7.885400317817755,3.133464081853608,284.87267163464884,acceptable
23.773059419985646,6.686516471106116,4.11343549761698,280.5091719647319,acceptable
21.23131917821255,7.906224278998464,3.2303945719461984,413.37700968670646,acceptable
20.552427851872384,7.353875967727737,4.654107880153154,359.3556722280862,acceptable
20.920948575172808,6.718766612052866,8.423416960284687,5.96113653357196,poor
24.614491452929478,7.316203869527761,2.2561977141372873,365.5900776529761,acceptable
26.70575987408322,7.486277224813365,1.7728772042465177,319.4736194718775,acceptable
26.383453996650097,7.310904981108598,7.942340654987217,298.1291243554103,poor
29.13591624518012,6.214887640054772,4.581352645696268,261.1481546911114,poor
25.065009459389536,6.636431412087566,3.6618545226801666,412.41127199860136,acceptable
32.26767038578659,6.876240682224248,7.079809374792153,394.75264621228575,poor
23.67671583381022,6.9627832854499765,3.788768920526272,222.7122332176391,acceptable
38.600845832948096,7.310336048775339,8.652019427093872,340.7052287124535,poor
28.12833673882503,7.088850500466627,6.355851742678539,202.83432654587142,poor
20.714212217918586,6.33232782064495,4.024177183708595,162.03818352110696,poor
19.64553750969444,7.190098925502982,9.314616426531007,237.3282775410035,poor
27.412362076215928,7.305292872641911,3.788570153993323,386.23934723827585,acceptable
23.882686073370746,7.27989522396552,6.484190744018614,395.3125045376087,poor
28.57000247046046,7.540390362777311,5.598585160812984,351.3085420097293,poor
27.366188122867726,7.416961077274452,7.603482578797596,372.50957868479975,poor
24.635855436715637,7.2295900396142185,8.123022393453706,351.61782871149586,poor
20.766031409657977,6.964917144270676,5.064008298131533,235.8518404777048,poor
17.425763876570677,6.1695195332420045,3.4931642593076333,343.19225446739404,poor
22.767425239664895,7.214809109566293,5.919944285878233,380.04095252276824,poor
29.28199397161736,7.103843843581555,3.6445692604957878,375.42913298135744,acceptable
26.07046872065102,7.135789418597687,9.026774495053246,418.8913371474643,poor
18.771306106440058,6.361625712089845,5.273070662165475,370.8303847201064,poor
25.86590462925591,6.459471729795869,4.269356897375783,335.1448207541583,poor
26.926586898644185,7.526576426666452,5.3693606117298165,407.01502383164274,poor
20.580712818994336,6.980222423071672,2.305747420940607,297.347874075094,acceptable
25.76862552972764,7.340750348686313,3.056771922978697,211.81253487722822,acceptable
25.29104359223,7.01415918806523,7.400827815888851,283.6933036056236,poor
19.285148510846884,7.014878069747873,3.6862114420572087,225.5097355193551,acceptable
26.788936801741418,7.469141902987999,2.906178034636121,232.48217250256187,acceptable
27.80392263184117,6.741977635891313,6.073305505054572,285.54813292844824,poor
30.415256215876383,7.048060388470492,7.371408309325994,220.75800790000386,poor
30.269010260174515,6.768862355647479,6.437906621330134,269.20384703609596,poor
18.111653160214544,6.782751886283842,6.992095371611633,110.63853330462143,poor
20.310874800424386,6.84541393826568,3.4864098228610785,321.32937073729386,acceptable
27.5751763360433,7.111066885816856,2.1563786665163125,300.12054753622243,acceptable
27.568929754561044,6.760625689168261,8.002667303910973,218.29113689318092,poor
27.575238431530238,7.627878062786761,4.354640322315729,365.92456684324054,acceptable
44.26365745327361,6.552696348890248,4.498333967089906,393.75701376265584,poor
27.854452553465833,6.9065641779193205,7.656388283698115,139.24401356310258,poor
30.677828200902994,6.7801344708629125,6.11246001880132,223.72752214337856,poor
29.770008817466014,7.723488942176866,5.911775544163215,223.08576502127016,poor
28.25695625652899,7.098277388255787,9.330004689802168,206.00968988911353,poor
23.42365377679827,7.515922269734317,3.712963539239714,382.94748419317483,acceptable
28.794846102466337,6.257219813481514,6.855680256162474,280.61738612271967,poor
21.13587392731214,7.133525132934629,5.114026249794169,273.5485158689389,poor
23.815906966299956,7.444815397811719,5.537184557726514,99.61376355932464,poor
22.573182260854484,7.041141994637712,8.056936852825064,363.54180302092266,poor
25.409370696931614,7.532740187532676,6.015671512579248,176.07416051465276,poor
36.573292833367546,6.741355774949814,6.076592158099266,305.9932630266328,poor
15.66367403704126,7.70467372009279,7.145014674619604,327.73769379581915,poor
28.43130095187257,8.149449061809625,4.270094540914229,436.06585958386506,acceptable
16.936420644051744,6.81858071978017,3.3215806653219873,169.11796008808878,acceptable
22.640340671052833,6.777248739299614,2.910381611957933,-1.9512155820825114,acceptable
30.444752984836832,7.726692238558851,1.0672868212479965,318.3849544753695,acceptable
25.321400095477316,7.789786072865356,9.112414259880644,480.05111815108535,poor
19.61127611035347,6.738569986423366,2.7935832685566337,423.89463529394374,acceptable
21.42348145370016,6.7899065914520715,4.557492752828456,320.9659415274626,acceptable
28.39798874467338,6.8591076955697465,4.446373400222159,250.83638143679525,acceptable
21.34816684141432,6.327774744482862,5.614813395618201,380.71225966373106,poor
26.082292947909874,6.540674026757901,6.6314744250785935,202.64538002955314,poor
25.22785919951907,6.497929616623966,6.720946976719491,347.63577693562195,poor
21.741998261970913,6.616101217447936,3.8338451228621233,350.5470159166627,acceptable
35.719720446626624,6.982657556306609,4.665756572427177,406.02099074988797,poor
28.169595111590056,7.11710736626826,5.5651599009765995,575.9660038911078,poor
14.874287066711965,7.7752502464070385,4.502617747632906,339.2415967178767,poor
25.93227157384714,6.5008229796306045,8.214691152039986,249.1036374292501,poor
21.69106767615806,7.492161199238292,5.981949903276503,297.44256878080057,poor
29.26216667398112,6.893005577887245,6.4697555720996345,123.09240951108816,poor
21.037396307836495,6.975268145173784,6.325762537334826,230.5286868910942,poor
24.426317792665504,7.337409746083302,7.34694771497065,259.0717561886896,poor
27.524936394902287,6.438638989218851,5.3620431174074135,247.59116020654074,poor
29.328775970850607,7.191204873092025,2.406336104088307,315.2354872033722,acceptable
18.998517964721117,7.083226104106528,5.799375903505283,217.75800676177994,poor
23.327493820795258,7.246225632004075,3.697286212416342,412.10306673244713,acceptable
22.62527344419522,7.144584321953909,3.9427666365004863,300.02070649181974,acceptable
21.73335383713144,8.227650069955446,6.172728037510186,299.06996788613856,poor
33.82727120140548,6.681130007874342,7.476566142867272,267.21052834870824,poor
27.024908554804778,6.734501522499091,5.042543153472123,315.5190683858979,poor
18.695580228324772,6.688429736787618,5.617666025197927,382.50982646676346,poor
29.58930973527388,6.722261440419873,8.404429889270476,213.28697842890995,poor
35.610780985063165,6.681306436346741,5.4815063589771365,234.18835109247433,poor
30.162326302755734,7.594508265553776,10.203366228360789,269.62739712233355,poor
17.403150170229935,7.710252123994928,6.1310192912630885,165.4129076526785,poor
22.578829635668743,6.714626853125262,1.4784744816883646,218.07421402785022,acceptable
31.334555745933113,6.583822213447886,6.506683242209065,252.37791264553408,poor
21.461652671906094,7.235707778193202,5.7623167697655555,387.4389180712727,poor
27.219097140731144,6.723888477859514,7.579505508165491,326.2561329001925,poor
28.873170267146683,7.316465908877755,6.346362702539917,319.3589911367544,poor
20.365347642109583,7.10146151042565,4.723088032032452,385.08979621679725,acceptable
24.702373219691,6.242127942501384,2.5514035274212685,286.26282116006035,poor
8.793663299654636,7.773752600665031,4.58195348542795,339.04648499288896,poor
19.878061793328552,7.897938836547761,3.2989590915813998,289.67782470675036,acceptable
23.7371592430342,6.693605654757807,3.8389531003905546,326.53623493996287,acceptable
18.761084090175753,6.806149220032008,6.177156808841219,241.7241342388418,poor
33.16205651965818,7.142932695362452,8.339809008702812,56.11828417235708,poor
17.849293110196836,7.167228394993512,5.7893430596459625,286.5720837813696,poor
22.799777566515083,7.3292721363364155,2.6082338759296313,442.274813609994,acceptable
25.653702886430455,8.005102269383174,5.889205336440281,392.6215402241592,poor
32.20636644533058,6.911526386252976,7.393262973291302,396.53974845911705,poor
17.8206892441028,6.600851377730773,3.780434191361236,423.61307218062177,acceptable
30.815818760774796,6.3103403859927365,4.7319656666541645,308.86575909614373,poor
25.051165305097935,6.6345349800290405,5.0293763894583945,319.73157074055956,poor
20.092456744760245,6.983436513563102,3.43020337383552,238.234810456565,acceptable
27.310517371316354,7.897278931758894,6.2965608676877185,268.39271439729504,poor
25.99529847786735,6.741194350481914,4.758103702784437,361.57711497711415,acceptable
21.998915614206027,7.1118939758194495,5.839064887814056,420.3884437168816,poor
25.349010424950094,6.991788551963624,3.2250156443958,286.0553724319,acceptable
23.0734320156912,7.594196636724042,4.125083399353179,254.98107351485885,acceptable
25.56758672625624,8.26346621293681,6.444762715655543,300.05279588565975,poor
28.310653372605234,6.734565613539839,4.254333695816466,360.1206748929115,acceptable
32.93008408072676,6.755280278740889,8.45392770246681,155.6145183866458,poor
18.810922505865754,7.522080438534536,4.200727628770795,70.38190468627619,acceptable
35.665166873281336,7.340945744813156,5.449369451503772,244.94631505084163,poor
15.239561002387491,7.923353662868017,6.8651816637461796,177.92875740858415,poor
24.241074524822082,7.291964092662982,2.1632685341339366,249.18598023526891,acceptable
27.941586032422883,6.82035395460647,1.4783823760384482,285.22196811825285,acceptable
26.404959338675162,7.295327415346154,1.9486873708598105,254.67515909769867,acceptable
21.88650240089703,7.554351790291454,7.525168206854364,445.2467534470745,poor
23.959388748213623,7.410241090598682,3.8962837082151065,332.67447646023203,acceptable
22.534995326705836,7.2536370155536485,10.116398571336504,330.04743596108284,poor
22.053176215278942,7.533337344794577,3.871504802685223,362.2207144043402,acceptable
29.248010485105123,7.584647795222836,5.369102606394074,186.11668822192308,poor
26.785077429825236,7.691079495518764,8.08421990513575,403.9111787420269,poor
21.535452023696728,7.324354943794821,9.012185776318246,292.423571346454,poor
29.497999377166252,6.916440959841573,9.123007153272795,367.0480617241212,poor
26.536497604383047,7.073356843216661,7.416732461186285,192.81427669598446,poor
29.0643105941948,7.603254483254179,7.048125051622925,144.62412339839358,poor
28.14814420961806,6.591532164506382,6.185053898402366,381.78896580250284,poor
20.855024945389637,7.184336654436451,6.5567221523332755,337.64095260975165,poor
22.199094799015153,6.8033305938363196,3.897628567342933,209.79484456424896,acceptable
28.736468025616308,7.014372411467408,3.363602233155386,213.03369187253057,acceptable
28.051851327167324,7.639225931303649,4.993251085178096,412.54347844147696,acceptable
24.89549203017926,7.095549534009952,4.659630754950143,181.05881071326723,acceptable
25.58663691654391,7.023218274078074,4.093543901345449,464.26729532559636,acceptable
31.388324478942124,6.32007192951004,6.392774894913431,209.93792653521314,poor
22.04214305582085,7.3731267830136105,6.910610417141021,363.8391925608383,poor
27.735486905850188,7.322742090570538,5.176813772583695,267.13815242510157,poor
23.98903673783053,8.08162736165273,7.955060162110524,360.3187431082343,poor
23.9115939838639,6.8461108825235,2.71662177173299,245.58859978858075,acceptable
30.49388425993595,7.10957516383197,4.612681081440564,283.7207093927706,acceptable
29.12708174494015,7.124691841855378,3.5663553587943904,304.09191753957214,acceptable
29.067548180003193,7.788726639881737,1.26692676585388,199.78125442185274,acceptable
31.527394035771646,6.952352233806524,4.834638628314601,374.0824345420126,acceptable
25.105019208163796,7.13951076288517,4.756504983233433,248.67864335284148,acceptable
28.40976485647482,7.30394825485827,8.026899486484261,277.14000846599816,poor
23.44866621703272,7.093304561578179,6.2616233691095555,200.56506253914876,poor
26.62083176244221,6.776783192724736,2.95162635134159,43.76663412046895,acceptable
24.349284728161578,7.097044996449154,8.708185132668376,280.8972237399831,poor
25.48497982496359,7.536815874929886,7.442067391050706,541.2615421612916,poor
27.97578512718457,6.48674235029447,6.164195406937232,378.4604287898024,poor
20.908896583832636,7.066484837073438,4.547031802300336,298.07396202656054,acceptable
35.4619363784273,6.649939592530413,3.0811215265530407,273.7109170791732,poor
19.96991309250149,7.597523314462421,4.255586447857894,302.24658928120465,acceptable
18.92905693606134,6.238406547608113,7.177497239408372,354.711911517521,poor
30.790554367500338,6.720539076364206,8.769172611869218,181.9187184691155,poor
28.95831346981468,7.188605937532261,8.086487056544378,411.4321694668872,poor
28.120599085260775,7.7827620146171705,4.022301156427452,371.53813154412444,acceptable
28.1417275463214,6.967124869463506,2.7607651334219776,371.81857257079344,acceptable
24.938766135765427,6.722400236653401,5.281772493822408,343.84757388097273,poor
20.51372814257084,7.940578534720295,1.4631212688742967,301.96166576939896,acceptable
25.37902279096863,6.275993049791878,5.646335428369563,367.286123596682,poor
21.61419144243944,5.9005970216899595,4.7047948274026625,359.18141337413783,poor
29.875598667088756,7.2200072250266665,4.067926996263515,264.5959289058976,acceptable
24.264713092489306,6.748972887823695,1.810593865466409,242.63982271030991,acceptable
20.872514016037442,6.489383591434644,6.027200213139433,310.1856295261987,poor
23.393070791735035,7.354178223649677,3.9345983206761774,454.9020151495188,acceptable
27.06465727137812,7.121900356885599,2.660166328579424,176.08929243460992,acceptable
22.181377235980126,6.7179606846316355,-0.7445244265632986,153.247473424756,acceptable
20.888898022167844,6.359847800664553,4.9449701898987275,316.4760841236517,poor
26.218436057459563,7.4362286641400726,8.544503193339487,305.0887701856018,poor
26.224832855543614,7.32510058897933,8.32251842909574,317.33416643704084,poor
22.46528412314435,6.9504120681103085,4.0858074868274565,324.39531979085,acceptable
22.644808471908387,7.923318498023833,3.7955758792764387,277.6797745365195,acceptable
26.16024968678818,6.464957616836924,5.937548512150047,448.9863438602082,poor
17.75957829251338,6.23723741453763,3.0032291216234173,139.90960215234844,poor
17.962681128117225,6.654045965059378,5.6035837996389315,217.1502975219754,poor
21.40777889373782,6.977206991822251,6.53216055676938,289.6745239850953,poor
23.932764241440765,7.121669724661346,7.453866447768615,135.68111888458327,poor
26.554537827990025,6.879381971071835,4.799691847040094,282.4145595567929,acceptable
32.37678108474776,7.1760276982571485,4.592652499646068,466.1470165728018,acceptable
29.288298116010097,6.374230287904778,3.244034826486878,302.0886488295962,poor
24.200307350182864,7.721882302036629,3.3462392919202797,323.0700905718684,acceptable
24.904918960486555,6.958924410803716,4.547042216196947,173.983523482742,acceptable
19.987353176810956,7.558647915794063,5.734731013632356,238.36385919605226,poor
24.90743432003805,7.1713626731888525,6.827169252466499,262.4803619676063,poor
23.55670680539931,7.228376609576892,3.3936420986393103,268.2284903243766,acceptable
26.613592801690448,7.284883640116102,7.985377137919043,428.16437950037687,poor
20.863845282238387,7.223854280008657,4.457752797914862,355.76910607251244,acceptable
27.596732571205862,7.321361379933772,4.957265411303128,188.85420430629682,acceptable
32.66369456501289,7.6645762650662155,3.5055766417043532,324.65047784320046,acceptable
24.456199257715713,7.098260584850735,0.1515194794541168,349.8221748496785,acceptable
27.008558610494706,7.354501878794256,6.7680907927220995,414.0149038521266,poor
28.450719958555563,6.955132152856387,6.473687794184867,458.05406865683733,poor
22.993897640570818,7.720058607724736,4.437344885763573,198.49058081721313,acceptable
26.120462409052084,6.661803848970365,5.133981434449744,218.9142488789662,poor
25.062962003908975,7.900470216455408,6.031878435408199,174.24221410853838,poor
25.48838049274416,6.979921024677829,1.8749082862269146,276.59801408930184,acceptable
21.13495108072267,6.284612448940976,3.9418946453074106,346.63583744463347,poor
25.122550871294713,7.064052207455394,6.588529359243655,398.7334516589102,poor
27.489991456227248,6.659474171262559,2.491421153661501,292.4048976357477,acceptable
32.25571803897521,7.420321774494362,5.587115864333258,268.0152476745156,poor
29.796354130426035,6.673688010348805,2.28683639075319,315.175799224874,acceptable
35.76591228755778,6.77690828339261,5.932859964867053,216.4857098369977,poor
21.163262185559752,6.055229634527235,4.9287170354050325,508.95387216947734,poor
29.361603183603393,6.7738468403754615,1.769736368188981,139.23389728819413,acceptable
25.91671002869176,5.788060336685522,7.329478708914342,318.47405788957246,poor
35.94901466608836,6.208048588257139,3.5308168464039014,502.3606219229639,poor
20.958508573224243,7.3802073280721485,3.3794951259712382,300.6799844559998,acceptable
20.801390789096118,7.3929000793254165,5.401138394461886,280.9960964998505,poor
22.00303677277989,7.2127287808924825,7.29727469885743,264.2554577189573,poor
14.380521378450965,6.516511928435394,2.968356362043206,281.96083182375924,poor
22.371224891596196,6.97614432192901,5.123359699695944,437.284847467653,poor
21.20433669223151,6.998198730454716,5.857633000661146,78.81380886704932,poor
25.75196893238104,6.420817655403729,6.386211214526288,453.34337012963255,poor
26.708779878885796,7.751699150883575,5.35288311055445,157.60428475498549,poor
34.38085419607943,7.438681145287836,4.265944321833356,273.33476707655853,acceptable
29.75211919093025,6.889517913085168,3.344819558702561,257.0755579701338,acceptable
22.115481721687985,7.013442919497265,5.172287766092749,358.85532697707197,poor
20.50792664325821,7.104191403973776,2.855721976028786,140.18756481162524,acceptable
27.459595857532527,5.979132565787855,-0.8427009669892147,346.2172666081943,poor
18.398833964896788,6.876411308739701,5.873119608315336,502.43096232868527,poor
34.157293829271765,6.659007876001101,6.807869682172391,163.68259954071897,poor
30.897200603606436,6.499189995052542,0.2741351289163232,318.97061676103954,poor
22.654121739476476,6.859449853557023,2.980538590580125,233.80178222033908,acceptable
16.434327354545612,7.898843263424761,6.238308522010396,342.58872061930356,poor
31.769361870827062,7.320421430633505,9.114990939423397,301.9147777415752,poor
24.42730077373691,6.714410505108601,5.041587415350816,235.85130909556904,poor
31.189081559867308,7.2862913906780795,3.543994117541731,348.7872284871074,acceptable
17.027861706028165,7.699677718293001,4.63420711779032,480.4348109786743,acceptable
22.003124885231134,7.462316841456384,7.74975283829637,280.90962082727015,poor
25.026218498590914,7.029815184960087,3.708071641750929,371.97579421481817,acceptable
25.23490296882371,6.6765316111472135,3.401615986699493,170.67270421288362,acceptable
22.74967264260378,7.349111656806795,4.034512955635935,204.35636231819913,acceptable
28.114249661737492,7.196742692710875,3.0933427834825755,347.2406277880377,acceptable
19.661897853087027,7.447596610013866,5.245340631989591,448.4116028535965,poor
24.288102574893532,7.317585900840985,8.24935691693912,335.561334878566,poor
25.601478158559495,7.524776357659667,5.6461585462320585,268.6941969476846,poor
27.572194170293745,6.732382394219716,4.495292995747425,299.9291405423354,acceptable
28.55807439044445,7.658697032817162,4.416377462168912,174.95922660302824,acceptable
19.376789540810655,7.0987998023462,1.873618382606686,360.4515326355367,acceptable
17.32942914632189,8.037630436312632,6.766219554294318,388.2333062323409,poor
31.388384109492545,6.655406090955216,4.8443256059743955,254.79096671669197,acceptable
26.661570059897958,7.867981901582625,4.639040172818749,252.99578522404985,acceptable
21.25756731721723,7.098955391731324,11.38621513568972,326.58782296520485,poor
32.75575987761262,6.674290998192776,5.597505816731372,256.32802639594047,poor
25.578373171464293,6.758057082972839,3.4964178998096314,293.3867385374177,acceptable
30.896485920319133,6.83982634590284,4.147284807588913,509.9721789166515,poor
25.337592407050543,7.212082973200959,7.29689141839351,275.2974299254003,poor
35.303739624409936,7.261417744017749,5.226540821075529,264.1659847978778,poor
33.77670421221602,6.71314999803071,2.1234440433652666,235.24581943648408,acceptable
23.75517925760463,6.987822703869509,6.838457869150407,374.4191971499937,poor
29.85785475477178,8.071135179305932,3.663711828922012,281.8775826781897,acceptable
28.226879747925736,7.863771585050356,8.74659555243509,235.06269616785738,poor
31.843157787661745,7.218161834837016,7.160096131429297,432.1304032273012,poor
20.17538269709948,7.0190017390841,4.1053562086824975,441.9603004513637,acceptable
28.430257299992196,7.06001566335913,7.562032723470226,239.9576434261295,poor
30.29212243424794,7.3067589863652085,5.1357110210548065,113.34600486393839,poor
16.20630256788443,6.488603717400797,6.705547350244439,400.7513689836922,poor
19.083707436671126,6.871311731288327,5.96946563458895,231.5370174239996,poor
14.803839111199498,6.165707963061205,3.3072866900182527,379.0625599162769,poor
23.652965827777212,7.19961156130264,3.712900335365076,102.98961822881645,acceptable
28.58771127897981,7.32359796985137,7.059921635162322,389.25973382993095,poor
32.51178526048014,6.758406768850313,4.330449335786918,178.8828070719219,acceptable
25.370473902098876,7.786993381645017,4.1927030735160065,373.0764119066524,acceptable
33.14307772785646,6.387117168498829,3.089754841301294,301.4273067836434,poor
18.099492708925542,6.26781255989509,5.847198131186922,204.6060580603355,poor
16.483087803224226,7.112225909279986,9.12504983848629,259.29636870732196,poor
24.722261505516904,7.523549151306077,2.8649341714914542,368.6318456956701,acceptable
26.920327244696537,7.841963845728935,5.0484389133455165,310.58944531152343,poor
24.836526259529535,6.77055786856553,7.8244411108308585,358.44129804724844,poor
14.662789499800617,7.539340416715648,4.84071721750857,497.6440584515485,poor
24.55439980243606,6.9807457652496465,5.904743592499468,143.57583882889486,poor
18.477652497475734,6.91368635002959,2.8752129437062406,461.7212574968624,acceptable
28.348362744150194,7.4418299687433365,5.856614194415297,310.43559375232127,poor
26.83299123048424,7.32616143920671,4.625711469990902,210.1215951676872,acceptable
20.300601068363225,6.211803921507875,6.971459991359726,166.96863742610103,poor
22.430665413316532,7.738270174862948,7.374772103129502,281.08796092229665,poor
19.70393239055524,7.6900456770737255,10.179127284037229,392.16501119244595,poor
24.68660451363414,6.687218649245235,6.1592663464271515,287.2450879622466,poor
29.775711602506192,7.197901766718704,5.6515926331643325,451.11549302473475,poor
20.07136976832228,7.2470150931413695,5.388768603154672,154.8824309948441,poor
27.520232577589223,7.130336882911953,4.293667414378623,298.79110521539457,acceptable
22.348711908137794,6.72484742307729,5.6769676869233825,174.7606555586881,poor
21.03563583868828,6.664188316030974,4.409197179721941,336.3631882624968,acceptable
24.464848200227213,6.987222964504277,5.336921952539228,388.68873900973006,poor
19.82378838790313,7.586364509629682,7.63519507121592,257.92382063189467,poor
22.23175347326409,7.2718000772972164,2.9869148694407177,39.57861433728658,acceptable
19.010610537055758,6.814692833956947,7.279757122258091,319.89481467964947,poor
34.82362566458195,7.385849355324172,7.634230134679731,343.67385517335094,poor
25.176317759858645,5.575728689684962,4.763862946017842,340.42947549616974,poor
21.50137246003707,7.574382850186051,0.7562902019828108,423.57821918221543,acceptable
26.06989955367111,6.13014311061095,3.7843560258111353,192.89463203509513,poor
24.43835975154585,6.818779529298434,7.593989093122218,368.02161054504495,poor
23.895152002333884,6.440165052686928,4.954263875402236,419.2507512477975,poor
28.070833500217127,6.3526592621395475,3.0013955354101785,122.14124159934832,poor
28.787538550236526,7.58041339368926,3.990450157543565,331.9651825918977,acceptable
22.34749426194736,6.766149399344054,6.681240053009106,249.58201689923285,poor
22.1209087967766,7.173251940865358,6.093467136402759,291.8477326898354,poor
23.62474151424178,6.976539710560408,4.522135801660611,334.76764835383364,acceptable
13.490394176322075,7.23852041361156,4.266351176370625,251.27714358864478,poor
17.42404468900724,7.038410945530128,4.216483701912356,232.4291920838388,acceptable
31.834371337222624,6.358503887905715,3.155179631002995,303.4152417488025,poor
33.22483856750642,7.49813340972357,8.230751378938884,191.27540611371973,poor
23.75481980221811,6.753121708419344,4.35535906157732,191.41748711148145,acceptable
27.882784815278832,6.221709050670125,7.434317041650993,367.93732829565033,poor
26.556250772717682,6.785942419517044,8.042632103844902,185.1205964841344,poor
40.39440404227619,7.750379895317155,6.996621796295921,366.6312500909212,poor
30.597874557172883,7.425110871056747,4.136759374563903,346.25912928539515,acceptable
24.360412042596167,6.825673932796071,5.807460180673219,127.41932712094032,poor
20.22229779699787,6.8253711478407855,4.951608787218167,232.2435347664345,acceptable
16.96776839871214,6.8391824743913086,3.1925962785397437,419.4109403047372,acceptable
26.017318179336115,8.038373991780421,5.6487185634432056,201.88344688603183,poor
21.218246273578483,7.190967726115777,2.641920417680395,253.55957376906125,acceptable
17.88873145201163,7.215020823595535,7.375358776923127,346.2060893251896,poor
21.767135578787368,7.515141727015921,4.070765405403214,378.33905092825955,acceptable
19.592259981928024,7.119394579513257,5.4023193117456785,274.84611139555045,poor
33.43570817536282,6.870478927089648,5.566575743092284,240.24898053083584,poor
29.408198784747253,6.901825075457511,4.482190052591846,442.23698616985075,acceptable
24.960136793416915,6.964199370292968,6.17338760295055,473.8899663797579,poor
32.39972069445013,6.9813888817450795,4.050192686754951,397.88580507817954,acceptable
25.38684153823809,7.36381477181849,6.742594594914488,308.5318142565024,poor
20.69357899335868,7.02597294290365,2.308040639506503,219.17342783590738,acceptable
32.61562038634828,7.36632003860779,5.2527591590928235,216.95555934434347,poor
27.694550218423295,6.959641709945709,8.87785799811657,352.25141052657574,poor
19.81376922836772,7.039317595158045,2.9993373507888506,341.83982208886835,acceptable
24.04830660958196,6.000899657733946,3.644510058950297,440.15985929464296,poor
20.621908733076214,7.458163837351241,6.02781569931783,365.0450092536139,poor
18.086001345178317,7.173244237948996,5.359163563879196,149.6919698240182,poor
29.630887737658206,7.499005054929826,5.701260198547119,405.1947617722918,poor
34.54708320235065,5.551872310903155,5.978374260295327,200.19393726855873,poor
18.007162130904295,8.044187352390363,6.269442937123539,261.60287280476484,poor
27.814846183452854,6.930205185922413,7.219399683912446,325.0200206251694,poor
21.746787154390866,7.554091408368758,5.819637313857025,499.56674897839645,poor
22.56437308117652,6.4800470364372345,4.517484690762915,610.9918556005362,poor
22.038030378805654,7.306386952531285,6.345147402405463,360.6723059136183,poor
20.68004615160092,6.473292218413172,8.799763869790432,281.6803381279612,poor
25.242608139724133,6.688115519652097,4.7347325072348525,353.450564848055,acceptable
20.84524941794481,7.957015676933393,3.050941390658717,388.7655425873836,acceptable
26.352284128899193,6.904658799618327,7.214161338573946,267.93323744428085,poor
24.748809452754315,7.108716436589861,4.759237672092803,479.5211355912322,acceptable
23.80525976566795,7.435033865344377,0.6546609079719277,323.0070759191402,acceptable
20.46218168979201,7.2478409439863025,6.694843354300843,349.77430890913945,poor
22.116143347158335,7.075209452571788,3.9293436280921545,366.59242520544615,acceptable
28.77695612912878,7.182480501233113,4.818933435391679,342.15866106144557,acceptable
27.504585938121902,8.201707792619137,5.663960661138029,383.89405004696124,poor
20.112223776007244,6.971190601483207,5.380999359558133,238.27468134530767,poor
25.49666152714613,7.100549523357484,6.418903634278079,244.16982460539694,poor
28.756935616858947,7.525327198003806,4.129027258860313,189.9845767028305,acceptable
16.652973594393142,7.552762966478992,6.026211596352166,343.9501230620226,poor
27.716800961899676,7.59351515278019,4.4809066448321655,377.8936503512114,acceptable
21.686881205270765,7.3193651110145925,6.477620961775006,345.7772866151886,poor
27.852993342965796,6.428497543634759,6.230734968026107,467.44924333475376,poor
21.183704217287417,7.816715766150548,3.1291225959108093,299.44039811709536,acceptable
15.975589496677404,6.426827303490656,7.1719642323500645,366.87416555925125,poor
16.862287810584185,7.151317732619517,3.928073109771904,190.82991238606857,acceptable
25.24042473330691,6.622862074990321,6.61611559656229,261.2900297525599,poor
26.29861250860741,6.967930826703504,5.734574626802681,369.55377575657775,poor
20.478416874477958,7.164381205151741,8.676367353590244,384.9102110743144,poor
28.19296229388687,7.160678607725137,4.553068035256295,270.60330523358175,acceptable
16.6923996886552,7.210960377117642,4.301366407763605,292.8400748141933,acceptable
24.66960100676342,7.806855634529324,4.961160788224535,148.21262533191907,acceptable
18.944919001187717,7.22676715075699,4.3936404343314495,264.29707991933907,acceptable
21.740819460989204,6.877921682354676,6.5998838038841,389.0383163519786,poor
25.23699335658207,7.482043584144178,1.7673787831268242,357.52050161065665,acceptable
20.69793317358024,7.594735244462321,2.892635161707292,350.066572138121,acceptable
23.077222278850872,6.386196092431504,2.864394156841614,304.977368718096,poor
30.0314640460722,7.298700034924929,6.900615183947151,300.70631586281763,poor
22.115540652384254,7.350586371155449,8.42122674516385,233.96788605265527,poor
29.17846056032571,6.851218248320004,4.791101562925057,369.88284202025346,acceptable
19.351465726711908,7.68785340665581,4.662356553619979,342.097294438939,acceptable
27.649020889576413,6.924972206483736,5.140104326226362,349.2018847992799,poor
32.207843103289505,7.062788226735771,7.323756605216381,247.39651573324196,poor
12.641777499363553,6.913464087858065,3.145293731618852,84.66570801287557,poor
21.015523722647615,7.007789523790734,5.47673796546957,409.7152711753696,poor
27.8853606359027,6.451862456552399,6.95039525956486,252.11625439915957,poor
23.984773069785035,6.279974558702853,6.002188339879691,213.72242359568793,poor
26.855729366856544,7.797252531612486,5.379163233197486,369.34789119139936,poor
21.980074066420897,6.576519325840836,7.002092185134282,260.798736008087,poor
25.4329489373645,6.504303825271847,-0.40646458599847435,405.9936384046622,acceptable
24.221613823039604,5.923304943198143,6.3557506390618155,361.70059495766975,poor
30.838910308299035,6.680519126155249,3.6918486337451526,368.35693232004775,acceptable
26.272104216506065,6.338455103296251,1.3387342062870862,163.40442887994658,poor
26.68801331037601,7.821007580068184,6.022405199049961,421.19439853864003,poor
22.940615169387662,7.504908544671317,7.747317090325915,326.1250531233856,poor
22.561968879637533,6.6559248274111384,4.725102970744616,263.0722860753797,acceptable
22.837209060901895,8.126217902672154,6.905749094405878,314.3388467342251,poor
26.972260711891483,7.490882743495797,8.22455651597729,122.37647671016799,poor
22.895077595898684,6.837584308245689,7.629828907168095,340.8652811480671,poor
26.448874284482066,5.7502971425632134,8.279929058742786,197.06284918179284,poor
35.37700399322719,8.14547128629537,6.484254982143785,164.73297141564655,poor
29.355623517158463,6.305213766618202,5.150867277803186,147.76408137821088,poor
23.369882339160796,6.177300626521554,1.796068376205663,411.2688374989925,poor
31.006069610819722,7.51128521600482,4.507875023740103,237.07366063072112,acceptable
22.959623134892244,8.219876203169637,3.3135068093676168,453.37277099164993,acceptable
14.80937732411073,7.692136409255259,9.341885434995628,246.4198536947702,poor
19.95956844541298,7.28195456002618,4.648228375135327,129.26420424070534,acceptable
15.646040394870722,7.297377170832643,5.2464096135689715,188.3475560051341,poor
23.24243257979346,7.426707779390154,6.102970752080935,423.5811620006939,poor
25.092091895947757,7.379464294893382,5.087204892744907,284.4101822063333,poor
33.382186561376415,7.1405957119846875,8.390102080861507,245.1712703509399,poor
26.634636868820813,7.052100551975938,3.754701276531096,316.0018225852788,acceptable
23.90449735595568,6.968703436050239,5.389214910474485,350.1782736167545,poor
29.147027905917447,6.623017705566662,3.5150588286039035,411.7398815902461,acceptable
13.944323454960575,6.859662461566613,2.3599549775585884,444.8499229892926,poor
26.178072790542828,6.153521592902307,3.7764618181894294,264.0231354210914,poor
28.854325969434832,6.950830186602625,4.9259264059031755,167.3952313917962,acceptable
17.607068771100792,6.5057044464245415,4.1413955509654805,258.6534838876724,acceptable
30.718770216034645,6.448205341392114,3.615158040252288,326.02805065828863,poor
26.69248203747207,7.089947075576739,2.1873650726563323,203.6241073789389,acceptable
22.923560430495993,7.6960011431723,4.83378885474261,204.2849085104957,acceptable
28.163909330531425,7.459158303001156,1.9905592519379955,334.37878815498857,acceptable
36.35346428902198,6.214749698188411,6.520111927379205,295.1347648429549,poor
25.909331275292477,6.5051859317148315,5.164879505869006,303.27969954115866,poor
26.24110293150168,7.4703855939941075,2.084897001070139,224.15046652999305,acceptable
22.70319550229878,6.508756303230845,4.381581845900273,276.95992857942326,acceptable
20.75077815267604,6.887683425001487,3.4956871888188337,207.57668557316956,acceptable
29.151679082721227,7.275026049512276,5.638349020838361,389.0198411124787,poor
20.719580870455665,6.515827772568183,7.680900892046289,403.52493347237527,poor
25.357831186096963,7.05268775307298,1.2496550607085108,115.3812137761906,acceptable
22.611712766174417,6.332987252540898,5.230052158294835,207.04891398075898,poor
27.39489912873196,6.699316178024393,4.679734408866719,150.3470744909921,acceptable
26.66831052643474,7.159890967071268,6.342680152900932,234.99760655931019,poor
30.187699721289498,6.2035031332341655,5.426393256475379,291.6562030209639,poor
22.449918005726264,7.220237368980199,3.496061336522362,155.03547803014698,acceptable
23.650625323533145,6.99018110053666,4.361892128666764,207.8140186874687,acceptable
20.106181421088465,7.276244977208574,3.407948286393022,199.60426279185015,acceptable
22.77853369961944,7.111957067032331,7.152014277197196,320.7267329398944,poor
26.88650246522426,7.682070214986922,5.0426232973438845,306.934433703625,poor
